"","bet","eig","res"
"A",2,1,0
"B",0,0.854637679718461,0.131275517509784
"C",0,0.854637679718461,0.131275517509783
"D",0,0.460811127189111,-0.262551035019567
