"","bet","eig","res"
"A",2,1,-5.55111512312578e-17
"B",0,0.854637679718462,0.131275517509784
"C",0,0.854637679718462,0.131275517509784
"D",0,0.460811127189111,-0.262551035019567
